{
  "Round Robin": {
    "avg_metrics": {
      "avg_latency": 2.051816197026296,
      "avg_throughput": 9.112119497432051,
      "avg_success_rate": 0.9352496890245218,
      "avg_server_util": 0.5586694166666668,
      "std_latency": 0.12314403496126175,
      "tail_latency_95": 2.1131468219949077
    },
    "fairness": 0.8780178591969852
  },
  "Random": {
    "avg_metrics": {
      "avg_latency": 2.030668622423358,
      "avg_throughput": 8.892394802254689,
      "avg_success_rate": 0.9125861134860421,
      "avg_server_util": 0.5315500833333333,
      "std_latency": 0.1189167539079584,
      "tail_latency_95": 2.073211907877929
    },
    "fairness": 0.8991782165517681
  },
  "Least Loaded": {
    "avg_metrics": {
      "avg_latency": 1.9206635976779114,
      "avg_throughput": 9.7627047328632,
      "avg_success_rate": 1.0,
      "avg_server_util": 0.5170400833333333,
      "std_latency": 0.10626468394711452,
      "tail_latency_95": 1.9601695431366593
    },
    "fairness": 0.9952895091208243
  },
  "MAB (UCB)": {
    "avg_metrics": {
      "avg_latency": 1.9554926403098098,
      "avg_throughput": 9.758632184234763,
      "avg_success_rate": 1.0,
      "avg_server_util": 0.5313076666666666,
      "std_latency": 0.11644328005123797,
      "tail_latency_95": 2.0058826515376973
    },
    "fairness": 0.9875203860179409
  }
}