{
  "Round Robin": {
    "avg_metrics": {
      "avg_latency": 1.985834943823408,
      "avg_throughput": 8.455018592637446,
      "avg_success_rate": 0.9352346452265672,
      "avg_server_util": 0.5491854166666666,
      "std_latency": 0.2543473806170327,
      "tail_latency_95": 2.077597402597415
    },
    "fairness": 0.8800326628261892
  },
  "Random": {
    "avg_metrics": {
      "avg_latency": 1.9665387264854235,
      "avg_throughput": 8.155891067054004,
      "avg_success_rate": 0.9018480080087004,
      "avg_server_util": 0.5246791666666667,
      "std_latency": 0.24287299195576761,
      "tail_latency_95": 2.0842615012106274
    },
    "fairness": 0.8822978927803199
  },
  "Least Loaded": {
    "avg_metrics": {
      "avg_latency": 1.917083573882776,
      "avg_throughput": 9.062780692370557,
      "avg_success_rate": 1.0,
      "avg_server_util": 0.5248895833333334,
      "std_latency": 0.2538091607692682,
      "tail_latency_95": 1.9863754150949338
    },
    "fairness": 0.995857064904904
  },
  "MAB (UCB)": {
    "avg_metrics": {
      "avg_latency": 1.9614087073775377,
      "avg_throughput": 8.550960736102848,
      "avg_success_rate": 0.9459008863499891,
      "avg_server_util": 0.51543125,
      "std_latency": 0.257135068518366,
      "tail_latency_95": 2.0633986928104524
    },
    "fairness": 0.949544771482946
  }
}