{
  "Uniform": {
    "Round Robin": {
      "avg_latency": 1.9873479862489831,
      "avg_throughput": 8.619262718089864,
      "success_rate": 0.9535329391661065,
      "fairness_index": 0.8799433129613924
    },
    "Random": {
      "avg_latency": 1.9605532680799267,
      "avg_throughput": 8.157619007873658,
      "success_rate": 0.9014567167657176,
      "fairness_index": 0.881528350783482
    },
    "Least Loaded": {
      "avg_latency": 1.9206891428428607,
      "avg_throughput": 9.062466482331391,
      "success_rate": 1.0,
      "fairness_index": 0.9950134876266974
    },
    "MAB (UCB)": {
      "avg_latency": 1.9247954531510896,
      "avg_throughput": 8.505510537149325,
      "success_rate": 0.9401369403474261,
      "fairness_index": 0.9963676176458038
    }
  },
  "Bursty": {
    "Round Robin": {
      "avg_latency": 1.9607489102586853,
      "avg_throughput": 8.410139704243422,
      "success_rate": 0.9288661813170416,
      "fairness_index": 0.863018471441798
    },
    "Random": {
      "avg_latency": 1.9676425429885471,
      "avg_throughput": 8.271450944920973,
      "success_rate": 0.9145384985866397,
      "fairness_index": 0.9046533467447117
    },
    "Least Loaded": {
      "avg_latency": 1.864616438137646,
      "avg_throughput": 9.107203434604427,
      "success_rate": 1.0,
      "fairness_index": 0.9946647400465467
    },
    "MAB (UCB)": {
      "avg_latency": 1.8089567558770674,
      "avg_throughput": 8.645589596005394,
      "success_rate": 0.9485536262027257,
      "fairness_index": 0.9843615170506643
    }
  },
  "Diurnal": {
    "Round Robin": {
      "avg_latency": 1.9693536327672456,
      "avg_throughput": 8.529061966087568,
      "success_rate": 0.9413712163166189,
      "fairness_index": 0.867464538730402
    },
    "Random": {
      "avg_latency": 1.9415149756776895,
      "avg_throughput": 8.536974235998466,
      "success_rate": 0.9425344384218727,
      "fairness_index": 0.8911085987722158
    },
    "Least Loaded": {
      "avg_latency": 1.9310718309807309,
      "avg_throughput": 9.060243166375846,
      "success_rate": 1.0,
      "fairness_index": 0.9955712307277308
    },
    "MAB (UCB)": {
      "avg_latency": 1.8128347419591249,
      "avg_throughput": 8.52559278159532,
      "success_rate": 0.93621889772533,
      "fairness_index": 0.9603180786023163
    }
  },
  "Skewed": {
    "Round Robin": {
      "avg_latency": 2.0049561055996885,
      "avg_throughput": 8.616102315497967,
      "success_rate": 0.9530451248037121,
      "fairness_index": 0.8839736759274708
    },
    "Random": {
      "avg_latency": 2.0098353072809134,
      "avg_throughput": 8.352835638981466,
      "success_rate": 0.9249981588240478,
      "fairness_index": 0.9060750625845138
    },
    "Least Loaded": {
      "avg_latency": 1.8678336472042092,
      "avg_throughput": 9.112826589352965,
      "success_rate": 1.0,
      "fairness_index": 0.9950070092452054
    },
    "MAB (UCB)": {
      "avg_latency": 1.8088913252693346,
      "avg_throughput": 8.831112683974865,
      "success_rate": 0.9676128050761136,
      "fairness_index": 0.9395123217897658
    }
  }
}